Time,Millis,Voltage,Current,Power,Frequency,PF
2021-08-30T08:58:02.519,503500,222.500,0.047,1.000,60.000,0.100
2021-08-30T08:58:03.016,504000,222.500,0.047,1.000,60.000,0.100
2021-08-30T08:58:03.515,504500,222.600,0.047,0.900,60.000,0.090
2021-08-30T08:58:04.014,505000,222.600,0.047,0.900,60.000,0.090
2021-08-30T08:58:04.515,505500,222.600,0.047,0.900,60.000,0.090
2021-08-30T08:58:05.022,506000,222.500,0.047,1.000,60.000,0.100
2021-08-30T08:58:05.513,506500,222.500,0.047,1.000,60.000,0.100
2021-08-30T08:58:06.016,507000,222.500,0.047,1.000,60.000,0.100
2021-08-30T08:58:06.518,507500,222.500,0.047,0.900,60.000,0.090
2021-08-30T08:58:07.016,508000,222.500,0.047,0.900,60.000,0.090
2021-08-30T08:58:07.524,508500,222.900,0.047,1.000,60.000,0.100
2021-08-30T08:58:08.024,509000,222.900,0.047,1.000,60.000,0.100
2021-08-30T08:58:08.517,509500,222.900,0.047,1.000,60.000,0.100
2021-08-30T08:58:09.019,510000,222.900,0.047,1.000,60.000,0.100
2021-08-30T08:58:09.523,510500,222.900,0.047,1.000,60.000,0.100
2021-08-30T08:58:10.021,511000,223.000,0.047,0.900,60.000,0.090
2021-08-30T08:58:10.519,511500,223.000,0.047,0.900,60.000,0.090
2021-08-30T08:58:11.020,512000,223.000,0.047,0.900,60.000,0.090
2021-08-30T08:58:11.520,512500,222.900,0.047,0.900,60.000,0.090
2021-08-30T08:58:12.021,513000,222.900,0.047,0.900,60.000,0.090
2021-08-30T08:58:12.517,513500,222.700,0.047,0.900,60.000,0.090
2021-08-30T08:58:13.017,514000,222.700,0.047,0.900,60.000,0.090
2021-08-30T08:58:13.522,514500,222.700,0.047,0.900,60.000,0.090
2021-08-30T08:58:14.020,515000,222.600,0.047,1.000,60.000,0.100
2021-08-30T08:58:14.522,515500,222.600,0.047,1.000,60.000,0.100
2021-08-30T08:58:15.022,516000,222.600,0.047,1.000,60.000,0.100
2021-08-30T08:58:15.519,516500,222.800,0.047,1.000,60.000,0.100
2021-08-30T08:58:16.022,517000,222.800,0.047,1.000,60.000,0.100
2021-08-30T08:58:16.528,517500,222.800,0.047,1.000,60.000,0.100
2021-08-30T08:58:17.019,518000,222.800,0.047,1.000,60.000,0.100
2021-08-30T08:58:17.522,518500,222.700,0.047,0.900,60.000,0.090
2021-08-30T08:58:18.023,519000,222.700,0.047,0.900,60.000,0.090
2021-08-30T08:58:18.522,519500,222.700,0.047,0.900,60.000,0.090
2021-08-30T08:58:19.020,520000,222.600,0.047,0.900,60.000,0.090
2021-08-30T08:58:19.518,520500,222.600,0.047,0.900,60.000,0.090
2021-08-30T08:58:20.018,521000,222.600,0.047,0.900,60.000,0.090
2021-08-30T08:58:20.519,521500,222.600,0.047,0.900,60.000,0.090
2021-08-30T08:58:21.019,522000,222.600,0.047,0.900,60.000,0.090
2021-08-30T08:58:21.516,522500,222.500,0.047,0.900,60.000,0.090
2021-08-30T08:58:22.028,523000,222.500,0.047,0.900,60.000,0.090
2021-08-30T08:58:22.523,523500,222.500,0.047,0.900,60.000,0.090
2021-08-30T08:58:23.026,524000,222.500,0.047,1.000,60.000,0.100
2021-08-30T08:58:23.526,524500,222.500,0.047,1.000,60.000,0.100
2021-08-30T08:58:24.020,525000,222.600,0.047,1.000,60.000,0.100
2021-08-30T08:58:24.520,525500,222.600,0.047,1.000,60.000,0.100
2021-08-30T08:58:25.028,526000,222.600,0.047,1.000,60.000,0.100
2021-08-30T08:58:25.519,526500,222.700,0.047,1.000,60.000,0.100
2021-08-30T08:58:26.027,527000,222.700,0.047,1.000,60.000,0.100
2021-08-30T08:58:26.521,527500,222.600,0.047,0.900,60.000,0.090
2021-08-30T08:58:27.021,528000,222.600,0.047,0.900,60.000,0.090
2021-08-30T08:58:27.525,528500,222.600,0.047,0.900,60.000,0.090
2021-08-30T08:58:28.025,529000,222.700,0.047,1.000,60.000,0.100
2021-08-30T08:58:28.522,529500,222.700,0.047,1.000,60.000,0.100
2021-08-30T08:58:29.031,530000,222.700,0.047,1.000,60.000,0.100
2021-08-30T08:58:29.520,530500,222.600,0.047,1.000,60.000,0.100
2021-08-30T08:58:30.030,531000,222.600,0.047,1.000,60.000,0.100
2021-08-30T08:58:30.524,531500,222.500,0.047,1.000,60.000,0.100
2021-08-30T08:58:31.028,532000,222.500,0.047,1.000,60.000,0.100
2021-08-30T08:58:31.528,532500,222.500,0.047,0.900,60.000,0.090
2021-08-30T08:58:32.032,533000,222.500,0.047,0.900,60.000,0.090
2021-08-30T08:58:32.524,533500,222.500,0.047,0.900,60.000,0.090
2021-08-30T08:58:33.027,534000,222.500,0.047,0.900,60.000,0.090
2021-08-30T08:58:33.528,534500,222.400,0.047,1.000,60.000,0.100
2021-08-30T08:58:34.028,535000,222.400,0.047,1.000,60.000,0.100
2021-08-30T08:58:34.522,535500,222.400,0.047,0.900,60.000,0.090
2021-08-30T08:58:35.021,536000,222.400,0.047,0.900,60.000,0.090
2021-08-30T08:58:35.522,536500,222.600,0.047,0.900,60.000,0.090
2021-08-30T08:58:36.029,537000,222.600,0.047,0.900,60.000,0.090
2021-08-30T08:58:36.529,537500,222.600,0.047,0.900,60.000,0.090
2021-08-30T08:58:37.031,538000,222.400,0.047,1.000,60.000,0.100
2021-08-30T08:58:37.532,538500,222.400,0.047,1.000,60.000,0.100
2021-08-30T08:58:38.034,539000,222.400,0.047,1.000,60.000,0.100
2021-08-30T08:58:38.529,539500,222.400,0.047,0.900,60.000,0.090
2021-08-30T08:58:39.029,540000,222.400,0.047,0.900,60.000,0.090
2021-08-30T08:58:39.523,540500,222.500,0.047,1.000,60.000,0.100
2021-08-30T08:58:40.032,541000,222.500,0.047,1.000,60.000,0.100
2021-08-30T08:58:40.531,541500,222.500,0.047,1.000,60.000,0.100
2021-08-30T08:58:41.028,542000,222.400,0.047,1.000,60.000,0.100
2021-08-30T08:58:41.531,542500,222.400,0.047,1.000,60.000,0.100
2021-08-30T08:58:42.033,543000,222.400,0.047,0.900,60.000,0.090
2021-08-30T08:58:42.526,543500,222.400,0.047,0.900,60.000,0.090
2021-08-30T08:58:43.031,544000,222.400,0.047,0.900,60.000,0.090
2021-08-30T08:58:43.529,544500,222.700,0.047,1.000,60.000,0.100
2021-08-30T08:58:44.032,545000,222.700,0.047,1.000,60.000,0.100
2021-08-30T08:58:44.531,545500,222.700,0.047,1.000,60.000,0.100
2021-08-30T08:58:45.028,546000,222.700,0.047,1.000,60.000,0.100
2021-08-30T08:58:45.529,546500,222.700,0.047,1.000,60.000,0.100
2021-08-30T08:58:46.025,547000,222.800,0.047,1.000,60.000,0.100
2021-08-30T08:58:46.526,547500,222.800,0.047,1.000,60.000,0.100
2021-08-30T08:58:47.031,548000,222.800,0.047,1.000,60.000,0.100
2021-08-30T08:58:47.535,548500,222.800,0.047,0.900,60.000,0.090
2021-08-30T08:58:48.031,549000,222.800,0.047,0.900,60.000,0.090
2021-08-30T08:58:48.533,549500,222.700,0.047,1.000,60.000,0.100
2021-08-30T08:58:49.037,550000,222.700,0.047,1.000,60.000,0.100
2021-08-30T08:58:49.533,550500,222.700,0.047,1.000,60.000,0.100
2021-08-30T08:58:50.031,551000,222.700,0.047,1.000,60.000,0.100
2021-08-30T08:58:50.531,551500,222.700,0.047,1.000,60.000,0.100
2021-08-30T08:58:51.033,552000,222.700,0.047,1.000,60.000,0.100
2021-08-30T08:58:51.531,552500,222.700,0.047,1.000,60.000,0.100
2021-08-30T08:58:52.032,553000,222.700,0.047,1.000,60.000,0.100
2021-08-30T08:58:52.530,553500,222.800,0.047,0.900,60.000,0.090
2021-08-30T08:58:53.029,554000,222.800,0.047,0.900,60.000,0.090
2021-08-30T08:58:53.533,554500,222.800,0.047,1.000,60.000,0.100
2021-08-30T08:58:54.032,555000,222.800,0.047,1.000,60.000,0.100
2021-08-30T08:58:54.534,555500,222.800,0.047,1.000,60.000,0.100
2021-08-30T08:58:55.035,556000,222.900,0.047,1.000,60.000,0.100
2021-08-30T08:58:55.529,556500,222.900,0.047,1.000,60.000,0.100
2021-08-30T08:58:56.037,557000,222.700,0.047,1.000,60.000,0.100
2021-08-30T08:58:56.527,557500,222.700,0.047,1.000,60.000,0.100
2021-08-30T08:58:57.028,558000,222.700,0.047,1.000,60.000,0.100
2021-08-30T08:58:57.538,558500,222.700,0.047,1.000,60.000,0.100
2021-08-30T08:58:58.033,559000,222.700,0.047,1.000,60.000,0.100
2021-08-30T08:58:58.531,559500,222.500,0.047,1.000,60.000,0.100
2021-08-30T08:58:59.031,560000,222.500,0.047,1.000,60.000,0.100
2021-08-30T08:58:59.532,560500,222.500,0.047,1.000,60.000,0.100
2021-08-30T08:59:00.033,561000,222.500,0.047,1.000,60.000,0.100
2021-08-30T08:59:00.530,561500,222.500,0.047,1.000,60.000,0.100
2021-08-30T08:59:01.034,562000,222.500,0.047,1.000,60.000,0.100
2021-08-30T08:59:01.536,562500,222.600,0.047,0.900,60.000,0.090
2021-08-30T08:59:02.031,563000,222.600,0.047,0.900,59.900,0.090
2021-08-30T08:59:02.536,563500,222.500,0.047,1.000,60.000,0.100
2021-08-30T08:59:03.038,564000,222.500,0.047,1.000,60.000,0.100
2021-08-30T08:59:03.540,564500,222.500,0.047,1.000,60.000,0.100
2021-08-30T08:59:04.039,565000,222.500,0.047,1.000,60.000,0.100
2021-08-30T08:59:04.532,565500,222.500,0.047,1.000,60.000,0.100
2021-08-30T08:59:05.032,566000,222.500,0.047,0.900,60.000,0.090
2021-08-30T08:59:05.535,566500,222.500,0.047,0.900,60.000,0.090
2021-08-30T08:59:06.034,567000,222.500,0.047,0.900,60.000,0.090
2021-08-30T08:59:06.531,567500,222.600,0.047,1.000,60.000,0.100
2021-08-30T08:59:07.034,568000,222.600,0.047,1.000,60.000,0.100
2021-08-30T08:59:07.535,568500,222.500,0.047,0.900,60.000,0.090
2021-08-30T08:59:08.039,569000,222.500,0.047,0.900,60.000,0.090
2021-08-30T08:59:08.537,569500,222.500,0.047,0.900,60.000,0.090
2021-08-30T08:59:09.039,570000,222.600,0.047,1.000,60.000,0.100
2021-08-30T08:59:09.542,570500,222.600,0.047,1.000,60.000,0.100
2021-08-30T08:59:10.043,571000,222.700,0.047,1.000,60.000,0.100
2021-08-30T08:59:10.536,571500,222.700,0.047,1.000,60.000,0.100
2021-08-30T08:59:11.036,572000,222.700,0.047,1.000,60.000,0.100
2021-08-30T08:59:11.532,572500,222.800,0.047,0.900,60.000,0.090
2021-08-30T08:59:12.032,573000,222.800,0.047,0.900,60.000,0.090
2021-08-30T08:59:12.534,573500,222.800,0.047,0.900,60.000,0.090
2021-08-30T08:59:13.041,574000,222.800,0.047,0.900,60.000,0.090
2021-08-30T08:59:13.540,574500,222.800,0.047,0.900,59.900,0.090
2021-08-30T08:59:14.038,575000,222.900,0.047,0.900,60.000,0.090
2021-08-30T08:59:14.539,575500,222.900,0.047,0.900,60.000,0.090
2021-08-30T08:59:15.035,576000,222.900,0.047,0.900,60.000,0.090
2021-08-30T08:59:15.535,576500,222.700,0.047,1.000,60.000,0.100
2021-08-30T08:59:16.044,577000,222.700,0.047,1.000,60.000,0.100
2021-08-30T08:59:16.540,577500,222.700,0.047,1.000,59.900,0.100
2021-08-30T08:59:17.035,578000,222.800,0.047,0.900,60.000,0.090
2021-08-30T08:59:17.550,578500,222.800,0.047,0.900,60.000,0.090
2021-08-30T08:59:18.041,579000,222.800,0.047,1.000,60.000,0.100
2021-08-30T08:59:18.543,579500,222.800,0.047,1.000,60.000,0.100
2021-08-30T08:59:19.044,580000,222.800,0.047,1.000,60.000,0.100
2021-08-30T08:59:19.544,580500,222.800,0.047,1.000,60.000,0.100
2021-08-30T08:59:20.043,581000,222.800,0.047,1.000,60.000,0.100
2021-08-30T08:59:20.536,581500,222.900,0.047,0.900,60.000,0.090
2021-08-30T08:59:21.038,582000,222.900,0.047,0.900,60.000,0.090
2021-08-30T08:59:21.541,582500,223.000,0.047,1.000,60.000,0.100
2021-08-30T08:59:22.036,583000,223.000,0.047,1.000,60.000,0.100
2021-08-30T08:59:22.543,583500,223.000,0.047,1.000,60.000,0.100
2021-08-30T08:59:23.049,584000,223.000,0.047,1.000,60.000,0.100
2021-08-30T08:59:23.539,584500,223.000,0.047,1.000,60.000,0.100
2021-08-30T08:59:24.042,585000,223.000,0.047,1.000,60.000,0.100
2021-08-30T08:59:24.544,585500,223.000,0.047,1.000,60.000,0.100
2021-08-30T08:59:25.048,586000,223.000,0.047,1.000,60.000,0.100
2021-08-30T08:59:25.539,586500,223.000,0.047,0.900,60.000,0.090
2021-08-30T08:59:26.044,587000,223.000,0.047,0.900,60.000,0.090
2021-08-30T08:59:26.546,587500,223.000,0.047,0.900,60.000,0.090
2021-08-30T08:59:27.046,588000,222.900,0.047,1.000,60.000,0.100
2021-08-30T08:59:27.550,588500,222.900,0.047,1.000,60.000,0.100
2021-08-30T08:59:28.051,589000,223.000,0.047,1.000,60.000,0.100
2021-08-30T08:59:28.545,589500,223.000,0.047,1.000,60.000,0.100
2021-08-30T08:59:29.043,590000,223.000,0.047,1.000,60.000,0.100
2021-08-30T08:59:29.546,590500,223.100,0.047,0.900,60.000,0.090
2021-08-30T08:59:30.041,591000,223.100,0.047,0.900,60.000,0.090
2021-08-30T08:59:30.543,591500,223.100,0.047,0.900,60.000,0.090
2021-08-30T08:59:31.041,592000,222.900,0.047,1.000,60.000,0.100
2021-08-30T08:59:31.540,592500,222.900,0.047,1.000,60.000,0.100
2021-08-30T08:59:32.040,593000,222.800,0.047,1.000,60.000,0.100
2021-08-30T08:59:32.539,593500,222.800,0.047,1.000,60.000,0.100
2021-08-30T08:59:33.052,594000,222.800,0.047,1.000,60.000,0.100
2021-08-30T08:59:33.550,594500,222.900,0.047,1.000,60.000,0.100
2021-08-30T08:59:34.052,595000,222.900,0.047,1.000,60.000,0.100
2021-08-30T08:59:34.550,595500,222.800,0.047,1.000,60.000,0.100
2021-08-30T08:59:35.043,596000,222.800,0.047,1.000,60.000,0.100
2021-08-30T08:59:35.543,596500,223.000,0.047,1.000,60.000,0.100
2021-08-30T08:59:36.041,597000,223.000,0.047,1.000,60.000,0.100
2021-08-30T08:59:36.549,597500,223.000,0.047,1.000,60.000,0.100
2021-08-30T08:59:37.044,598000,223.100,0.047,0.900,60.000,0.090
2021-08-30T08:59:37.543,598500,223.100,0.047,0.900,60.000,0.090
2021-08-30T08:59:38.047,599000,223.100,0.047,0.900,60.000,0.090
2021-08-30T08:59:38.552,599500,223.200,0.047,0.900,60.000,0.090
2021-08-30T08:59:39.050,600000,223.200,0.047,0.900,59.900,0.090
2021-08-30T08:59:39.549,600500,223.400,0.047,1.000,60.000,0.100
2021-08-30T08:59:40.051,601000,223.400,0.047,1.000,60.000,0.100
2021-08-30T08:59:40.551,601500,223.400,0.047,1.000,60.000,0.100
2021-08-30T08:59:41.051,602000,223.200,0.047,1.000,60.000,0.100
2021-08-30T08:59:41.544,602500,223.200,0.047,1.000,60.000,0.100
2021-08-30T08:59:42.043,603000,223.200,0.047,1.000,60.000,0.100
2021-08-30T08:59:42.543,603500,223.200,0.047,1.000,60.000,0.100
2021-08-30T08:59:43.046,604000,223.200,0.047,1.000,60.000,0.100
2021-08-30T08:59:43.549,604500,223.200,0.047,1.000,60.000,0.100
2021-08-30T08:59:44.053,605000,223.200,0.047,1.000,60.000,0.100
2021-08-30T08:59:44.554,605500,223.200,0.047,1.000,60.000,0.100
2021-08-30T08:59:45.048,606000,223.200,0.047,0.900,60.000,0.090
2021-08-30T08:59:45.549,606500,223.200,0.047,0.900,60.000,0.090
2021-08-30T08:59:46.049,607000,223.200,0.047,0.900,60.000,0.090
2021-08-30T08:59:46.550,607500,223.200,0.047,0.900,60.000,0.090
2021-08-30T08:59:47.044,608000,223.200,0.047,0.900,60.000,0.090
2021-08-30T08:59:47.543,608500,223.300,0.047,0.900,60.000,0.090
2021-08-30T08:59:48.043,609000,223.300,0.047,0.900,60.000,0.090
2021-08-30T08:59:48.543,609500,223.200,0.047,1.000,60.000,0.100
2021-08-30T08:59:49.057,610000,223.200,0.047,1.000,60.000,0.100
2021-08-30T08:59:49.547,610500,223.200,0.047,1.000,60.000,0.100
2021-08-30T08:59:50.049,611000,223.300,0.047,1.000,60.000,0.100
2021-08-30T08:59:50.549,611500,223.300,0.047,1.000,60.000,0.100
2021-08-30T08:59:51.051,612000,223.300,0.047,1.000,60.000,0.100
2021-08-30T08:59:51.551,612500,223.100,0.047,0.900,60.000,0.090
2021-08-30T08:59:52.046,613000,223.100,0.047,0.900,60.000,0.090
2021-08-30T08:59:52.546,613500,223.200,0.047,0.900,60.000,0.090
2021-08-30T08:59:53.044,614000,223.200,0.047,0.900,60.000,0.090
2021-08-30T08:59:53.551,614500,223.000,0.047,0.900,60.000,0.090
2021-08-30T08:59:54.049,615000,223.000,0.047,0.900,60.000,0.090
2021-08-30T08:59:54.553,615500,223.000,0.047,0.900,60.000,0.090
2021-08-30T08:59:55.056,616000,223.000,0.047,0.900,60.000,0.090
2021-08-30T08:59:55.557,616500,223.100,0.047,1.000,59.900,0.100
2021-08-30T08:59:56.048,617000,223.100,0.047,1.000,60.000,0.100
2021-08-30T08:59:56.549,617500,223.000,0.047,1.000,60.000,0.100
2021-08-30T08:59:57.049,618000,223.000,0.047,1.000,60.000,0.100
2021-08-30T08:59:57.551,618500,222.900,0.047,0.900,60.000,0.090
2021-08-30T08:59:58.054,619000,222.900,0.047,0.900,60.000,0.090
2021-08-30T08:59:58.559,619500,222.900,0.047,0.900,60.000,0.090
2021-08-30T08:59:59.051,620000,223.100,0.047,1.000,60.000,0.100
2021-08-30T08:59:59.554,620500,223.100,0.047,1.000,60.000,0.100
2021-08-30T09:00:00.056,621000,223.100,0.047,1.000,60.000,0.100
2021-08-30T09:00:00.559,621500,223.100,0.047,1.000,60.000,0.100
2021-08-30T09:00:01.053,622000,223.100,0.047,1.000,60.000,0.100
2021-08-30T09:00:01.550,622500,223.100,0.047,0.900,60.000,0.090
2021-08-30T09:00:02.049,623000,223.100,0.047,0.900,60.000,0.090
2021-08-30T09:00:02.548,623500,223.100,0.047,0.900,60.000,0.090
2021-08-30T09:00:03.048,624000,223.100,0.444,60.900,60.000,0.610
2021-08-30T09:00:03.560,624500,223.100,0.444,60.900,60.000,0.610
2021-08-30T09:00:04.061,625000,223.200,0.419,8.100,60.000,0.090
2021-08-30T09:00:04.558,625500,223.200,0.419,8.100,60.000,0.090
2021-08-30T09:00:05.060,626000,223.200,0.419,8.100,60.000,0.090
2021-08-30T09:00:05.556,626500,223.200,0.415,5.900,60.000,0.060
2021-08-30T09:00:06.060,627000,223.200,0.415,5.900,60.000,0.060
2021-08-30T09:00:06.553,627500,223.300,0.413,5.100,60.000,0.060
2021-08-30T09:00:07.058,628000,223.300,0.413,5.100,60.000,0.060
2021-08-30T09:00:07.551,628500,223.100,0.413,4.900,60.000,0.050
2021-08-30T09:00:08.051,629000,223.100,0.413,4.900,60.000,0.050
2021-08-30T09:00:08.555,629500,223.100,0.413,4.900,60.000,0.050
2021-08-30T09:00:09.062,630000,223.100,0.413,5.000,60.000,0.050
2021-08-30T09:00:09.557,630500,223.100,0.413,5.000,60.000,0.050
2021-08-30T09:00:10.057,631000,223.100,0.413,5.000,60.000,0.050
2021-08-30T09:00:10.561,631500,223.400,0.413,4.900,60.000,0.050
2021-08-30T09:00:11.062,632000,223.400,0.413,4.900,60.000,0.050
2021-08-30T09:00:11.552,632500,223.300,0.413,4.700,60.000,0.050
2021-08-30T09:00:12.051,633000,223.300,0.413,4.700,60.000,0.050
2021-08-30T09:00:12.554,633500,223.300,0.413,4.700,60.000,0.050
2021-08-30T09:00:13.058,634000,223.100,0.413,4.700,60.000,0.050
2021-08-30T09:00:13.553,634500,223.100,0.413,4.700,60.000,0.050
2021-08-30T09:00:14.061,635000,223.300,0.413,4.900,60.000,0.050
2021-08-30T09:00:14.561,635500,223.300,0.413,4.900,60.000,0.050
2021-08-30T09:00:15.063,636000,223.300,0.413,4.900,60.000,0.050
2021-08-30T09:00:15.554,636500,223.200,0.413,4.700,60.000,0.050
2021-08-30T09:00:16.054,637000,223.200,0.413,4.700,60.000,0.050
2021-08-30T09:00:16.560,637500,223.200,0.413,4.700,60.000,0.050
2021-08-30T09:00:17.062,638000,223.200,0.411,3.800,60.000,0.040
2021-08-30T09:00:17.553,638500,223.200,0.411,3.800,60.000,0.040
2021-08-30T09:00:18.055,639000,223.400,0.411,3.300,60.000,0.040
2021-08-30T09:00:18.561,639500,223.400,0.411,3.300,60.000,0.040
2021-08-30T09:00:19.051,640000,223.400,0.411,3.300,60.000,0.040
2021-08-30T09:00:19.559,640500,223.500,0.411,3.500,60.000,0.040
2021-08-30T09:00:20.062,641000,223.500,0.411,3.500,60.000,0.040
2021-08-30T09:00:20.558,641500,223.400,0.411,3.400,60.000,0.040
2021-08-30T09:00:21.062,642000,223.400,0.411,3.400,60.000,0.040
2021-08-30T09:00:21.564,642500,223.100,0.411,3.300,60.000,0.040
2021-08-30T09:00:22.064,643000,223.100,0.411,3.300,60.000,0.040
2021-08-30T09:00:22.555,643500,223.100,0.411,3.300,60.000,0.040
2021-08-30T09:00:23.059,644000,223.100,0.411,3.300,60.000,0.040
2021-08-30T09:00:23.559,644500,223.300,0.411,3.400,60.000,0.040
2021-08-30T09:00:24.058,645000,223.300,0.411,3.400,60.000,0.040
2021-08-30T09:00:24.561,645500,223.400,0.411,3.500,60.000,0.040
2021-08-30T09:00:25.060,646000,223.400,0.411,3.500,60.000,0.040
2021-08-30T09:00:25.557,646500,223.500,0.411,3.500,60.000,0.040
2021-08-30T09:00:26.057,647000,223.500,0.411,3.500,60.000,0.040
2021-08-30T09:00:26.557,647500,223.500,0.411,3.500,60.000,0.040
2021-08-30T09:00:27.058,648000,223.500,0.411,3.300,60.000,0.040
2021-08-30T09:00:27.566,648500,223.500,0.411,3.300,60.000,0.040
2021-08-30T09:00:28.061,649000,223.500,0.411,3.300,60.000,0.040
2021-08-30T09:00:28.555,649500,223.400,0.411,3.300,60.000,0.040
2021-08-30T09:00:29.059,650000,223.400,0.411,3.300,60.000,0.040
2021-08-30T09:00:29.559,650500,223.200,0.411,3.300,60.000,0.040
2021-08-30T09:00:30.067,651000,223.200,0.411,3.300,60.000,0.040
2021-08-30T09:00:30.559,651500,223.200,0.411,3.300,60.000,0.040
2021-08-30T09:00:31.063,652000,223.200,0.411,3.400,60.000,0.040
2021-08-30T09:00:31.565,652500,223.200,0.411,3.400,60.000,0.040
2021-08-30T09:00:32.065,653000,223.300,0.411,3.300,60.000,0.040
2021-08-30T09:00:32.566,653500,223.300,0.411,3.300,60.000,0.040
2021-08-30T09:00:33.065,654000,223.300,0.411,3.300,60.000,0.040
2021-08-30T09:00:33.563,654500,223.200,0.411,3.300,60.000,0.040
2021-08-30T09:00:34.065,655000,223.200,0.411,3.300,60.000,0.040
2021-08-30T09:00:34.559,655500,223.200,0.411,3.300,60.000,0.040
2021-08-30T09:00:35.071,656000,223.300,0.411,3.400,60.000,0.040
2021-08-30T09:00:35.565,656500,223.300,0.411,3.400,60.000,0.040
2021-08-30T09:00:36.069,657000,223.300,0.411,3.300,60.000,0.040
2021-08-30T09:00:36.565,657500,223.300,0.411,3.300,60.000,0.040
2021-08-30T09:00:37.068,658000,223.300,0.411,3.300,60.000,0.040
2021-08-30T09:00:37.561,658500,223.300,0.411,3.300,60.000,0.040
2021-08-30T09:00:38.060,659000,223.300,0.411,3.300,60.000,0.040
2021-08-30T09:00:38.564,659500,223.100,0.410,3.300,60.000,0.040
2021-08-30T09:00:39.058,660000,223.100,0.410,3.300,60.000,0.040
2021-08-30T09:00:39.562,660500,223.100,0.410,3.300,60.000,0.040
2021-08-30T09:00:40.063,661000,223.100,0.410,3.300,60.000,0.040
2021-08-30T09:00:40.568,661500,223.100,0.410,3.300,60.000,0.040
2021-08-30T09:00:41.069,662000,223.100,0.410,3.300,60.000,0.040
2021-08-30T09:00:41.569,662500,223.100,0.410,3.300,60.000,0.040
2021-08-30T09:00:42.061,663000,223.100,0.410,3.300,60.000,0.040
2021-08-30T09:00:42.562,663500,223.200,0.411,3.400,60.000,0.040
2021-08-30T09:00:43.063,664000,223.200,0.411,3.400,60.000,0.040
2021-08-30T09:00:43.566,664500,223.200,0.410,3.300,60.000,0.040
2021-08-30T09:00:44.071,665000,223.200,0.410,3.300,60.000,0.040
2021-08-30T09:00:44.564,665500,223.200,0.410,3.300,60.000,0.040
2021-08-30T09:00:45.068,666000,223.200,0.410,3.300,60.000,0.040
2021-08-30T09:00:45.569,666500,223.200,0.410,3.300,60.000,0.040
2021-08-30T09:00:46.069,667000,223.100,0.410,3.400,60.000,0.040
2021-08-30T09:00:46.568,667500,223.100,0.410,3.400,60.000,0.040
2021-08-30T09:00:47.069,668000,223.100,0.410,3.400,60.000,0.040
2021-08-30T09:00:47.563,668500,223.500,0.411,3.400,60.000,0.040
2021-08-30T09:00:48.064,669000,223.500,0.411,3.400,60.000,0.040
2021-08-30T09:00:48.563,669500,223.500,0.411,3.400,60.000,0.040
2021-08-30T09:00:49.062,670000,223.500,0.411,3.300,60.000,0.040
2021-08-30T09:00:49.572,670500,223.500,0.411,3.300,60.000,0.040
2021-08-30T09:00:50.066,671000,223.400,0.411,3.300,60.000,0.040
2021-08-30T09:00:50.568,671500,223.400,0.411,3.300,60.000,0.040
2021-08-30T09:00:51.069,672000,223.400,0.411,3.300,60.000,0.040
2021-08-30T09:00:51.572,672500,223.300,0.411,3.200,60.000,0.030
2021-08-30T09:00:52.065,673000,223.300,0.411,3.200,60.000,0.030
2021-08-30T09:00:52.565,673500,223.200,0.410,3.200,60.000,0.030
2021-08-30T09:00:53.064,674000,223.200,0.410,3.200,60.000,0.030
2021-08-30T09:00:53.564,674500,223.200,0.410,3.300,60.000,0.040
2021-08-30T09:00:54.065,675000,223.200,0.410,3.300,60.000,0.040
2021-08-30T09:00:54.566,675500,223.200,0.410,3.300,60.000,0.040
2021-08-30T09:00:55.068,676000,223.200,0.410,3.300,60.000,0.040
2021-08-30T09:00:55.570,676500,223.200,0.410,3.300,60.000,0.040
2021-08-30T09:00:56.074,677000,223.200,0.410,3.300,60.000,0.040
2021-08-30T09:00:56.574,677500,223.200,0.411,3.300,60.000,0.040
2021-08-30T09:00:57.070,678000,223.200,0.411,3.300,60.000,0.040
2021-08-30T09:00:57.573,678500,223.200,0.411,3.300,60.000,0.040
2021-08-30T09:00:58.068,679000,223.200,0.411,3.300,60.000,0.040
2021-08-30T09:00:58.570,679500,223.200,0.411,3.300,60.000,0.040
2021-08-30T09:00:59.067,680000,223.300,0.411,3.400,60.000,0.040
2021-08-30T09:00:59.575,680500,223.300,0.411,3.400,60.000,0.040
2021-08-30T09:01:00.074,681000,223.400,0.411,3.200,60.000,0.030
2021-08-30T09:01:00.573,681500,223.400,0.411,3.200,60.000,0.030
2021-08-30T09:01:01.076,682000,223.400,0.411,3.200,60.000,0.030
2021-08-30T09:01:01.575,682500,223.400,0.411,3.300,60.000,0.040
2021-08-30T09:01:02.075,683000,223.400,0.411,3.300,60.000,0.040
2021-08-30T09:01:02.574,683500,223.400,0.411,3.300,60.000,0.040
2021-08-30T09:01:03.077,684000,223.500,0.411,3.300,60.000,0.040
2021-08-30T09:01:03.576,684500,223.500,0.411,3.300,60.000,0.040
2021-08-30T09:01:04.069,685000,223.500,0.411,3.400,60.000,0.040
2021-08-30T09:01:04.567,685500,223.500,0.411,3.400,60.000,0.040
2021-08-30T09:01:05.069,686000,223.500,0.411,3.400,60.000,0.040
2021-08-30T09:01:05.572,686500,223.600,0.412,3.300,60.000,0.040
2021-08-30T09:01:06.071,687000,223.600,0.412,3.300,60.000,0.040
2021-08-30T09:01:06.570,687500,223.600,0.412,3.300,60.000,0.040
2021-08-30T09:01:07.069,688000,223.700,0.412,3.300,60.000,0.040
2021-08-30T09:01:07.569,688500,223.700,0.412,3.300,60.000,0.040
2021-08-30T09:01:08.070,689000,223.700,0.411,3.300,60.000,0.040
2021-08-30T09:01:08.569,689500,223.700,0.411,3.300,60.000,0.040
2021-08-30T09:01:09.077,690000,223.700,0.411,3.300,60.000,0.040
2021-08-30T09:01:09.574,690500,223.700,0.411,3.300,60.000,0.040
2021-08-30T09:01:10.071,691000,223.700,0.411,3.300,60.000,0.040
2021-08-30T09:01:10.570,691500,223.600,0.411,3.300,60.000,0.040
2021-08-30T09:01:11.073,692000,223.600,0.411,3.300,60.000,0.040
2021-08-30T09:01:11.573,692500,223.600,0.411,3.300,60.000,0.040
2021-08-30T09:01:12.074,693000,223.600,0.411,3.300,60.000,0.040
2021-08-30T09:01:12.577,693500,223.600,0.411,3.300,60.000,0.040
2021-08-30T09:01:13.075,694000,223.600,0.411,3.300,60.000,0.040
2021-08-30T09:01:13.575,694500,223.400,0.411,3.200,60.000,0.030
2021-08-30T09:01:14.075,695000,223.400,0.411,3.200,60.000,0.030
2021-08-30T09:01:14.575,695500,223.300,0.411,3.200,60.000,0.030
2021-08-30T09:01:15.074,696000,223.300,0.411,3.200,60.000,0.030
2021-08-30T09:01:15.569,696500,223.300,0.411,3.300,60.000,0.040
2021-08-30T09:01:16.081,697000,223.300,0.411,3.300,60.000,0.040
2021-08-30T09:01:16.582,697500,223.300,0.411,3.300,60.000,0.040
2021-08-30T09:01:17.082,698000,223.400,0.411,3.200,60.000,0.030
2021-08-30T09:01:17.581,698500,223.400,0.411,3.200,60.000,0.030
2021-08-30T09:01:18.080,699000,223.400,0.411,3.300,60.000,0.040
2021-08-30T09:01:18.582,699500,223.400,0.411,3.300,60.000,0.040
2021-08-30T09:01:19.073,700000,223.400,0.411,3.300,60.000,0.040
2021-08-30T09:01:19.581,700500,223.400,0.411,3.300,60.000,0.040
2021-08-30T09:01:20.075,701000,223.400,0.411,3.300,60.000,0.040
2021-08-30T09:01:20.575,701500,223.400,0.411,3.300,60.000,0.040
2021-08-30T09:01:21.075,702000,223.400,0.410,3.100,60.000,0.030
2021-08-30T09:01:21.575,702500,223.400,0.410,3.100,60.000,0.030
2021-08-30T09:01:22.075,703000,223.300,0.411,3.400,60.000,0.040
2021-08-30T09:01:22.577,703500,223.300,0.411,3.400,60.000,0.040
2021-08-30T09:01:23.075,704000,223.300,0.411,3.400,60.000,0.040
2021-08-30T09:01:23.575,704500,223.200,0.410,3.200,60.000,0.030
2021-08-30T09:01:24.076,705000,223.200,0.410,3.200,60.000,0.030
2021-08-30T09:01:24.576,705500,223.200,0.410,3.200,60.000,0.030
2021-08-30T09:01:25.078,706000,223.200,0.410,3.200,60.000,0.030
2021-08-30T09:01:25.587,706500,223.200,0.410,3.300,60.000,0.040
2021-08-30T09:01:26.078,707000,223.200,0.410,3.300,60.000,0.040
2021-08-30T09:01:26.580,707500,223.200,0.410,3.300,60.000,0.040
2021-08-30T09:01:27.084,708000,223.200,0.410,3.300,60.000,0.040
2021-08-30T09:01:27.581,708500,223.100,0.410,3.400,60.000,0.040
2021-08-30T09:01:28.076,709000,223.100,0.410,3.400,60.000,0.040
2021-08-30T09:01:28.584,709500,223.100,0.410,3.200,60.000,0.030
2021-08-30T09:01:29.077,710000,223.100,0.410,3.200,60.000,0.030
2021-08-30T09:01:29.576,710500,223.100,0.447,7.000,60.000,0.070
2021-08-30T09:01:30.078,711000,223.100,0.447,7.000,60.000,0.070
2021-08-30T09:01:30.579,711500,223.100,0.447,7.000,60.000,0.070
2021-08-30T09:01:31.082,712000,223.100,0.435,7.600,60.000,0.080
2021-08-30T09:01:31.583,712500,223.100,0.435,7.600,60.000,0.080
2021-08-30T09:01:32.082,713000,223.200,0.436,7.600,60.000,0.080
2021-08-30T09:01:32.578,713500,223.200,0.436,7.600,60.000,0.080
2021-08-30T09:01:33.081,714000,223.200,0.436,7.600,60.000,0.080
2021-08-30T09:01:33.579,714500,223.300,0.436,7.600,60.000,0.080
2021-08-30T09:01:34.086,715000,223.300,0.436,7.600,60.000,0.080
2021-08-30T09:01:34.582,715500,223.300,0.436,7.600,60.000,0.080
2021-08-30T09:01:35.078,716000,223.400,0.436,7.600,60.000,0.080
2021-08-30T09:01:35.582,716500,223.400,0.436,7.600,60.000,0.080
2021-08-30T09:01:36.084,717000,223.400,0.436,7.500,60.000,0.080
2021-08-30T09:01:36.588,717500,223.400,0.436,7.500,60.000,0.080
2021-08-30T09:01:37.088,718000,223.400,0.436,7.500,60.000,0.080
2021-08-30T09:01:37.579,718500,223.300,0.436,7.500,60.000,0.080
2021-08-30T09:01:38.083,719000,223.300,0.436,7.500,60.000,0.080
2021-08-30T09:01:38.587,719500,223.300,0.436,7.400,60.000,0.080
2021-08-30T09:01:39.082,720000,223.300,0.436,7.400,60.000,0.080
2021-08-30T09:01:39.583,720500,223.300,0.436,7.400,60.000,0.080
2021-08-30T09:01:40.084,721000,223.400,0.436,7.600,60.000,0.080
2021-08-30T09:01:40.587,721500,223.400,0.436,7.600,60.000,0.080
2021-08-30T09:01:41.082,722000,223.400,0.436,7.600,60.000,0.080
2021-08-30T09:01:41.589,722500,223.400,0.436,7.500,60.000,0.080
2021-08-30T09:01:42.086,723000,223.400,0.436,7.500,60.000,0.080
2021-08-30T09:01:42.585,723500,223.300,0.436,7.500,60.000,0.080
2021-08-30T09:01:43.088,724000,223.300,0.436,7.500,60.000,0.080
2021-08-30T09:01:43.582,724500,223.300,0.436,7.500,60.000,0.080
2021-08-30T09:01:44.080,725000,223.300,0.436,7.500,60.000,0.080
2021-08-30T09:01:44.581,725500,223.300,0.436,7.500,60.000,0.080
2021-08-30T09:01:45.079,726000,223.300,0.436,7.500,60.000,0.080
2021-08-30T09:01:45.588,726500,223.400,0.436,7.600,60.000,0.080
2021-08-30T09:01:46.081,727000,223.400,0.436,7.600,60.000,0.080
2021-08-30T09:01:46.589,727500,223.300,0.436,7.800,60.000,0.080
2021-08-30T09:01:47.083,728000,223.300,0.436,7.800,60.000,0.080
2021-08-30T09:01:47.589,728500,223.100,0.436,7.700,60.000,0.080
2021-08-30T09:01:48.087,729000,223.100,0.436,7.700,60.000,0.080
2021-08-30T09:01:48.589,729500,223.100,0.436,7.700,60.000,0.080
2021-08-30T09:01:49.082,730000,223.200,0.436,7.700,60.000,0.080
2021-08-30T09:01:49.583,730500,223.200,0.436,7.700,60.000,0.080
2021-08-30T09:01:50.087,731000,223.200,0.436,7.700,60.000,0.080
2021-08-30T09:01:50.589,731500,223.300,0.436,7.800,60.000,0.080
2021-08-30T09:01:51.080,732000,223.300,0.436,7.800,60.000,0.080
2021-08-30T09:01:51.584,732500,223.200,0.436,7.700,60.000,0.080
2021-08-30T09:01:52.085,733000,223.200,0.436,7.700,60.000,0.080
2021-08-30T09:01:52.584,733500,223.200,0.436,7.700,60.000,0.080
2021-08-30T09:01:53.083,734000,223.100,0.436,7.700,60.000,0.080
2021-08-30T09:01:53.585,734500,223.100,0.436,7.700,60.000,0.080
2021-08-30T09:01:54.087,735000,223.100,0.436,7.800,60.000,0.080
2021-08-30T09:01:54.588,735500,223.100,0.436,7.800,60.000,0.080
2021-08-30T09:01:55.087,736000,223.100,0.436,7.800,60.000,0.080
2021-08-30T09:01:55.591,736500,223.400,0.437,7.800,60.000,0.080
2021-08-30T09:01:56.085,737000,223.400,0.437,7.800,60.000,0.080
2021-08-30T09:01:56.591,737500,223.500,0.436,7.700,60.000,0.080
2021-08-30T09:01:57.091,738000,223.500,0.436,7.700,60.000,0.080
2021-08-30T09:01:57.594,738500,223.300,0.436,7.700,60.000,0.080
2021-08-30T09:01:58.093,739000,223.300,0.436,7.700,60.000,0.080
2021-08-30T09:01:58.594,739500,223.300,0.436,7.700,60.000,0.080
2021-08-30T09:01:59.091,740000,223.300,0.436,7.700,60.000,0.080
2021-08-30T09:01:59.591,740500,223.300,0.436,7.700,60.000,0.080
2021-08-30T09:02:00.091,741000,223.300,0.436,7.700,60.000,0.080
2021-08-30T09:02:00.592,741500,223.500,0.436,7.600,60.000,0.080
2021-08-30T09:02:01.083,742000,223.500,0.436,7.600,60.000,0.080
2021-08-30T09:02:01.593,742500,223.700,0.437,7.700,60.000,0.080
2021-08-30T09:02:02.094,743000,223.700,0.437,7.700,60.000,0.080
2021-08-30T09:02:02.594,743500,223.700,0.437,7.700,60.000,0.080
2021-08-30T09:02:03.087,744000,223.500,0.437,7.700,60.000,0.080
2021-08-30T09:02:03.592,744500,223.500,0.437,7.700,60.000,0.080
2021-08-30T09:02:04.092,745000,223.600,0.437,7.800,60.000,0.080
2021-08-30T09:02:04.593,745500,223.600,0.437,7.800,60.000,0.080
2021-08-30T09:02:05.094,746000,223.600,0.437,7.800,60.000,0.080
2021-08-30T09:02:05.597,746500,223.800,0.438,8.100,60.000,0.080
2021-08-30T09:02:06.097,747000,223.800,0.438,8.100,60.000,0.080
2021-08-30T09:02:06.589,747500,223.800,0.438,8.100,60.000,0.080
2021-08-30T09:02:07.089,748000,223.700,0.440,8.700,60.000,0.090
2021-08-30T09:02:07.589,748500,223.700,0.440,8.700,60.000,0.090
2021-08-30T09:02:08.094,749000,223.600,0.439,8.700,60.000,0.090
2021-08-30T09:02:08.595,749500,223.600,0.439,8.700,60.000,0.090
2021-08-30T09:02:09.095,750000,223.600,0.439,8.700,60.000,0.090
2021-08-30T09:02:09.593,750500,223.700,0.440,8.800,60.000,0.090
2021-08-30T09:02:10.096,751000,223.700,0.440,8.800,60.000,0.090
2021-08-30T09:02:10.587,751500,223.700,0.440,8.700,60.000,0.090
2021-08-30T09:02:11.087,752000,223.700,0.440,8.700,60.000,0.090
2021-08-30T09:02:11.600,752500,223.700,0.440,8.700,60.000,0.090
2021-08-30T09:02:12.099,753000,223.600,0.440,8.700,60.000,0.090
2021-08-30T09:02:12.596,753500,223.600,0.440,8.700,60.000,0.090
2021-08-30T09:02:13.094,754000,223.600,0.440,8.700,60.000,0.090
2021-08-30T09:02:13.592,754500,223.600,0.440,8.800,60.000,0.090
2021-08-30T09:02:14.094,755000,223.600,0.440,8.800,60.000,0.090
2021-08-30T09:02:14.595,755500,223.800,0.440,8.800,60.000,0.090
2021-08-30T09:02:15.098,756000,223.800,0.440,8.800,60.000,0.090
2021-08-30T09:02:15.594,756500,224.000,0.441,8.800,60.000,0.090
2021-08-30T09:02:16.092,757000,224.000,0.441,8.800,60.000,0.090
2021-08-30T09:02:16.600,757500,224.000,0.441,8.800,60.000,0.090
2021-08-30T09:02:17.092,758000,224.000,0.441,8.900,60.000,0.090
2021-08-30T09:02:17.591,758500,224.000,0.441,8.900,60.000,0.090
2021-08-30T09:02:18.093,759000,224.000,0.441,8.900,60.000,0.090
2021-08-30T09:02:18.595,759500,224.000,0.441,8.900,60.000,0.090
2021-08-30T09:02:19.092,760000,224.000,0.441,8.900,60.000,0.090
2021-08-30T09:02:19.598,760500,224.000,0.441,8.900,60.000,0.090
2021-08-30T09:02:20.095,761000,224.000,0.441,8.900,60.000,0.090
2021-08-30T09:02:20.593,761500,224.000,0.441,8.900,60.000,0.090
2021-08-30T09:02:21.098,762000,224.100,0.439,8.300,60.000,0.080
2021-08-30T09:02:21.590,762500,224.100,0.439,8.300,60.000,0.080
2021-08-30T09:02:22.094,763000,224.100,0.439,8.200,60.000,0.080
2021-08-30T09:02:22.593,763500,224.100,0.439,8.200,60.000,0.080
2021-08-30T09:02:23.095,764000,224.100,0.439,8.200,60.000,0.080
2021-08-30T09:02:23.599,764500,224.000,0.439,8.300,60.000,0.080
2021-08-30T09:02:24.100,765000,224.000,0.439,8.300,60.000,0.080
2021-08-30T09:02:24.599,765500,224.000,0.439,8.300,60.000,0.080
2021-08-30T09:02:25.101,766000,224.000,0.439,8.200,60.000,0.080
2021-08-30T09:02:25.592,766500,224.000,0.439,8.200,60.000,0.080
2021-08-30T09:02:26.091,767000,224.000,0.440,8.600,60.000,0.090
2021-08-30T09:02:26.600,767500,224.000,0.440,8.600,60.000,0.090
2021-08-30T09:02:27.097,768000,224.000,0.440,8.600,60.000,0.090
2021-08-30T09:02:27.595,768500,223.900,0.439,8.400,60.000,0.090
2021-08-30T09:02:28.095,769000,223.900,0.439,8.400,60.000,0.090
2021-08-30T09:02:28.595,769500,223.600,0.439,8.300,60.000,0.080
2021-08-30T09:02:29.103,770000,223.600,0.439,8.300,60.000,0.080
2021-08-30T09:02:29.602,770500,223.600,0.439,8.300,60.000,0.080
2021-08-30T09:02:30.097,771000,223.600,0.439,8.600,60.000,0.090
2021-08-30T09:02:30.599,771500,223.600,0.439,8.600,60.000,0.090
2021-08-30T09:02:31.093,772000,223.600,0.439,8.600,60.000,0.090
2021-08-30T09:02:31.597,772500,223.800,0.440,8.900,60.000,0.090
2021-08-30T09:02:32.098,773000,223.800,0.440,8.900,60.000,0.090
2021-08-30T09:02:32.604,773500,223.700,0.441,9.200,60.000,0.090
2021-08-30T09:02:33.100,774000,223.700,0.441,9.200,60.000,0.090
2021-08-30T09:02:33.598,774500,223.700,0.502,13.900,60.000,0.120
2021-08-30T09:02:34.098,775000,223.700,0.502,13.900,60.000,0.120
2021-08-30T09:02:34.602,775500,223.700,0.502,13.900,60.000,0.120
2021-08-30T09:02:35.102,776000,223.800,0.588,28.800,60.000,0.220
2021-08-30T09:02:35.603,776500,223.800,0.588,28.800,60.000,0.220
2021-08-30T09:02:36.102,777000,223.700,0.597,31.300,60.000,0.230
2021-08-30T09:02:36.600,777500,223.700,0.597,31.300,60.000,0.230
2021-08-30T09:02:37.101,778000,223.700,0.597,31.300,60.000,0.230
2021-08-30T09:02:37.601,778500,223.700,0.598,29.300,60.000,0.220
2021-08-30T09:02:38.098,779000,223.700,0.598,29.300,60.000,0.220
2021-08-30T09:02:38.603,779500,223.700,0.598,29.300,60.000,0.220
2021-08-30T09:02:39.106,780000,223.800,0.723,49.000,60.000,0.300
2021-08-30T09:02:39.597,780500,223.800,0.723,49.000,60.000,0.300
2021-08-30T09:02:40.098,781000,223.800,0.732,50.200,60.000,0.310
2021-08-30T09:02:40.599,781500,223.800,0.732,50.200,60.000,0.310
2021-08-30T09:02:41.105,782000,223.800,0.732,50.200,60.000,0.310
2021-08-30T09:02:41.605,782500,223.900,0.729,50.000,60.000,0.310
2021-08-30T09:02:42.104,783000,223.900,0.729,50.000,60.000,0.310
2021-08-30T09:02:42.602,783500,223.800,0.683,43.800,60.000,0.290
2021-08-30T09:02:43.105,784000,223.800,0.683,43.800,60.000,0.290
2021-08-30T09:02:43.603,784500,223.800,0.538,21.900,60.000,0.180
2021-08-30T09:02:44.101,785000,223.800,0.538,21.900,60.000,0.180
2021-08-30T09:02:44.605,785500,223.800,0.538,21.900,60.000,0.180
2021-08-30T09:02:45.099,786000,223.800,0.538,21.900,60.000,0.180
2021-08-30T09:02:45.599,786500,223.600,0.538,21.900,60.000,0.180
2021-08-30T09:02:46.105,787000,223.600,0.538,21.900,60.000,0.180
2021-08-30T09:02:46.601,787500,223.500,0.537,21.700,60.000,0.180
2021-08-30T09:02:47.111,788000,223.500,0.537,21.700,60.000,0.180
2021-08-30T09:02:47.606,788500,223.500,0.554,23.900,60.000,0.190
2021-08-30T09:02:48.111,789000,223.500,0.554,23.900,60.000,0.190
2021-08-30T09:02:48.607,789500,223.500,0.554,23.900,60.000,0.190
2021-08-30T09:02:49.108,790000,223.300,0.651,38.800,60.000,0.270
2021-08-30T09:02:49.610,790500,223.300,0.651,38.800,60.000,0.270
2021-08-30T09:02:50.102,791000,223.300,0.651,38.800,60.000,0.270
2021-08-30T09:02:50.603,791500,223.500,0.677,42.500,60.000,0.280
2021-08-30T09:02:51.102,792000,223.500,0.677,42.500,60.000,0.280
2021-08-30T09:02:51.606,792500,223.400,0.673,42.000,60.000,0.280
2021-08-30T09:02:52.108,793000,223.400,0.673,42.000,60.000,0.280
2021-08-30T09:02:52.607,793500,223.400,0.673,42.000,60.000,0.280
2021-08-30T09:02:53.109,794000,223.400,0.671,41.800,60.000,0.280
2021-08-30T09:02:53.612,794500,223.400,0.671,41.800,60.000,0.280
2021-08-30T09:02:54.103,795000,223.200,0.682,43.300,60.000,0.280
2021-08-30T09:02:54.610,795500,223.200,0.682,43.300,60.000,0.280
2021-08-30T09:02:55.109,796000,223.200,0.682,43.300,60.000,0.280
2021-08-30T09:02:55.609,796500,223.200,0.730,50.300,60.000,0.310
2021-08-30T09:02:56.108,797000,223.200,0.730,50.300,60.000,0.310
2021-08-30T09:02:56.608,797500,223.200,0.730,50.300,60.000,0.310
2021-08-30T09:02:57.106,798000,223.400,0.726,49.700,60.000,0.310
2021-08-30T09:02:57.613,798500,223.400,0.726,49.700,60.000,0.310
2021-08-30T09:02:58.111,799000,223.400,0.712,47.600,60.000,0.300
2021-08-30T09:02:58.604,799500,223.400,0.712,47.600,60.000,0.300
2021-08-30T09:02:59.106,800000,223.400,0.712,47.600,60.000,0.300
2021-08-30T09:02:59.610,800500,223.300,0.691,44.100,60.000,0.290
2021-08-30T09:03:00.112,801000,223.300,0.691,44.100,60.000,0.290
2021-08-30T09:03:00.609,801500,223.300,0.723,49.200,60.000,0.300
2021-08-30T09:03:01.111,802000,223.300,0.723,49.200,60.000,0.300
2021-08-30T09:03:01.614,802500,223.300,0.723,49.200,60.000,0.300
2021-08-30T09:03:02.112,803000,223.400,0.648,38.500,60.000,0.270
2021-08-30T09:03:02.606,803500,223.400,0.648,38.500,60.000,0.270
2021-08-30T09:03:03.106,804000,223.400,0.648,38.500,60.000,0.270
2021-08-30T09:03:03.606,804500,223.300,0.608,32.300,60.000,0.240
2021-08-30T09:03:04.106,805000,223.300,0.608,32.300,60.000,0.240
2021-08-30T09:03:04.608,805500,223.300,0.655,38.700,60.000,0.260
2021-08-30T09:03:05.107,806000,223.300,0.655,38.700,60.000,0.260
2021-08-30T09:03:05.607,806500,223.400,0.701,44.600,60.000,0.280
2021-08-30T09:03:06.112,807000,223.400,0.701,44.600,60.000,0.280
2021-08-30T09:03:06.613,807500,223.400,0.701,44.600,60.000,0.280
2021-08-30T09:03:07.112,808000,223.400,0.620,33.400,60.000,0.240
2021-08-30T09:03:07.604,808500,223.400,0.620,33.400,60.000,0.240
2021-08-30T09:03:08.117,809000,223.400,0.620,33.400,60.000,0.240
2021-08-30T09:03:08.612,809500,223.200,0.713,46.100,60.000,0.290
2021-08-30T09:03:09.114,810000,223.200,0.713,46.100,60.000,0.290
2021-08-30T09:03:09.613,810500,222.900,0.629,34.800,60.000,0.250
2021-08-30T09:03:10.113,811000,222.900,0.629,34.800,60.000,0.250
2021-08-30T09:03:10.614,811500,222.900,0.629,34.800,60.000,0.250
2021-08-30T09:03:11.113,812000,223.000,0.627,34.300,60.000,0.250
2021-08-30T09:03:11.614,812500,223.000,0.627,34.300,60.000,0.250
2021-08-30T09:03:12.112,813000,223.200,0.647,37.300,60.000,0.260
2021-08-30T09:03:12.606,813500,223.200,0.647,37.300,60.000,0.260
2021-08-30T09:03:13.107,814000,223.200,0.647,37.300,60.000,0.260
2021-08-30T09:03:13.610,814500,223.200,0.600,30.300,60.000,0.230
2021-08-30T09:03:14.112,815000,223.200,0.600,30.300,60.000,0.230
2021-08-30T09:03:14.610,815500,223.400,0.606,31.100,59.900,0.230
2021-08-30T09:03:15.112,816000,223.400,0.606,31.100,60.000,0.230
2021-08-30T09:03:15.609,816500,223.400,0.606,31.100,60.000,0.230
2021-08-30T09:03:16.118,817000,223.200,0.666,48.900,60.000,0.330
2021-08-30T09:03:16.615,817500,223.200,0.666,48.900,60.000,0.330
2021-08-30T09:03:17.115,818000,223.200,0.666,48.900,60.000,0.330
2021-08-30T09:03:17.616,818500,223.100,1.079,198.700,60.000,0.830
2021-08-30T09:03:18.116,819000,223.100,1.079,198.700,60.000,0.830
2021-08-30T09:03:18.618,819500,223.100,1.079,198.700,60.000,0.830
2021-08-30T09:03:19.116,820000,223.100,1.079,198.700,60.000,0.830
2021-08-30T09:03:19.614,820500,222.600,1.083,198.800,60.000,0.820
2021-08-30T09:03:20.113,821000,222.600,1.083,198.800,60.000,0.820
2021-08-30T09:03:20.609,821500,222.600,1.083,198.800,59.900,0.820
2021-08-30T09:03:21.112,822000,223.000,1.084,199.400,60.000,0.820
2021-08-30T09:03:21.612,822500,223.000,1.084,199.400,60.000,0.820
2021-08-30T09:03:22.115,823000,223.000,0.850,130.100,60.000,0.690
2021-08-30T09:03:22.614,823500,223.000,0.850,130.100,59.900,0.690
2021-08-30T09:03:23.112,824000,223.000,0.850,130.100,60.000,0.690
2021-08-30T09:03:23.614,824500,223.200,0.583,38.700,60.000,0.300
2021-08-30T09:03:24.122,825000,223.200,0.583,38.700,60.000,0.300
2021-08-30T09:03:24.612,825500,223.200,0.583,38.700,60.000,0.300
2021-08-30T09:03:25.115,826000,223.200,0.573,37.100,59.900,0.290
2021-08-30T09:03:25.613,826500,223.200,0.573,37.100,60.000,0.290
2021-08-30T09:03:26.120,827000,223.300,0.577,37.600,60.000,0.290
2021-08-30T09:03:26.610,827500,223.300,0.577,37.600,60.000,0.290
2021-08-30T09:03:27.117,828000,223.300,0.577,37.600,60.000,0.290
2021-08-30T09:03:27.615,828500,223.400,0.573,37.100,60.000,0.290
2021-08-30T09:03:28.119,829000,223.400,0.573,37.100,60.000,0.290
2021-08-30T09:03:28.615,829500,223.400,0.573,37.100,60.000,0.290
2021-08-30T09:03:29.115,830000,223.400,0.594,34.500,60.000,0.260
2021-08-30T09:03:29.619,830500,223.400,0.594,34.500,60.000,0.260
2021-08-30T09:03:30.113,831000,223.500,0.593,32.300,60.000,0.240
2021-08-30T09:03:30.617,831500,223.500,0.593,32.300,60.000,0.240
2021-08-30T09:03:31.121,832000,223.500,0.593,32.300,60.000,0.240
2021-08-30T09:03:31.619,832500,223.400,0.628,37.300,60.000,0.270
2021-08-30T09:03:32.116,833000,223.400,0.628,37.300,60.000,0.270
2021-08-30T09:03:32.613,833500,223.500,0.604,33.800,60.000,0.250
2021-08-30T09:03:33.120,834000,223.500,0.604,33.800,60.000,0.250
2021-08-30T09:03:33.620,834500,223.500,0.604,33.800,60.000,0.250
2021-08-30T09:03:34.119,835000,223.200,0.672,43.600,60.000,0.290
2021-08-30T09:03:34.620,835500,223.200,0.672,43.600,60.000,0.290
2021-08-30T09:03:35.118,836000,223.200,0.672,43.600,60.000,0.290
2021-08-30T09:03:35.620,836500,223.100,0.640,39.200,60.000,0.270
2021-08-30T09:03:36.120,837000,223.100,0.640,39.200,60.000,0.270
2021-08-30T09:03:36.622,837500,223.000,0.687,45.600,60.000,0.300
2021-08-30T09:03:37.114,838000,223.000,0.687,45.600,60.000,0.300
2021-08-30T09:03:37.613,838500,222.900,0.700,48.100,60.000,0.310
2021-08-30T09:03:38.113,839000,222.900,0.700,48.100,60.000,0.310
2021-08-30T09:03:38.619,839500,222.900,0.700,48.100,60.000,0.310
2021-08-30T09:03:39.126,840000,223.000,0.639,38.800,60.000,0.270
2021-08-30T09:03:39.623,840500,223.000,0.639,38.800,60.000,0.270
2021-08-30T09:03:40.117,841000,223.000,0.639,38.800,60.000,0.270
2021-08-30T09:03:40.617,841500,223.000,0.665,42.800,60.000,0.290
2021-08-30T09:03:41.124,842000,223.000,0.665,42.800,60.000,0.290
2021-08-30T09:03:41.623,842500,222.900,0.659,42.200,60.000,0.290
2021-08-30T09:03:42.115,843000,222.900,0.659,42.200,60.000,0.290
2021-08-30T09:03:42.616,843500,222.900,0.659,42.200,60.000,0.290
2021-08-30T09:03:43.115,844000,223.000,0.586,31.700,60.000,0.240
2021-08-30T09:03:43.620,844500,223.000,0.586,31.700,60.000,0.240
2021-08-30T09:03:44.122,845000,222.900,0.586,31.600,60.000,0.240
2021-08-30T09:03:44.622,845500,222.900,0.586,31.600,60.000,0.240
2021-08-30T09:03:45.123,846000,222.900,0.586,31.600,60.000,0.240
2021-08-30T09:03:45.623,846500,222.900,0.590,32.300,60.000,0.250
2021-08-30T09:03:46.122,847000,222.900,0.590,32.300,60.000,0.250
2021-08-30T09:03:46.623,847500,222.900,0.590,32.300,60.000,0.250
